Deadband,MeanTotalCost,SETotalCost,MeanNumSwitches
0,1.32910622756465,0.0104300424028926,488.753333333333
0.01,1.29344425107397,0.0106068002657873,505.813333333333
0.02,1.21045597703331,0.0108619649654519,355.94
0.03,1.17734138324344,0.011092053653824,262.76
0.04,1.17745304906609,0.0110995355903947,234.22
0.05,1.18168312605015,0.0110804904819365,212.873333333333
0.06,1.18588550804881,0.0110383889653601,191.433333333333
0.07,1.19015761739355,0.0110081690513723,172.453333333333
0.08,1.19391391520316,0.0109991340011548,153.7
0.09,1.19805692081877,0.0109528908032602,137.5
0.1,1.20213608280735,0.0109318649945239,122.466666666667
0.11,1.20623398049907,0.0108763270809779,109.513333333333
0.12,1.21023392799857,0.0108378523020447,98.4466666666667
0.13,1.21449847695288,0.0108220992637244,88.3133333333333
0.14,1.21921838119889,0.0107849393957307,78.9666666666667
0.15,1.22417695800591,0.010778558732436,70.02
0.16,1.22805952609967,0.0107412230872113,61.5466666666667
0.17,1.2314690923644,0.0107203089220559,54.0733333333333
0.18,1.23417022740953,0.0106799100141675,47.1933333333333
0.19,1.23712910029702,0.0106708891720498,41.8
0.2,1.239609921204,0.0106936247438617,36.6266666666667
