Scenario,SigmaMultiplier,KappaMultiplier,Policy,TotalCost_Mean,TotalCost_SE,RunningCost_Mean,RunningCost_SE,SwitchingCost_Mean,SwitchingCost_SE,AvgAbsTrackingError_Mean,AvgAbsTrackingError_SE,ShortageEnergy_Mean,ShortageEnergy_SE,ExcessEnergy_Mean,ExcessEnergy_SE,ShortageTimeSharePct_Mean,ShortageTimeSharePct_SE,ExcessTimeSharePct_Mean,ExcessTimeSharePct_SE,NumSwitches_Mean,NumSwitches_SE,TimeAtBoundsPct_Mean,TimeAtBoundsPct_SE,YGridBoundaryHitPct
Lower volatility: 0.75 sigma,0.75,1,Baseline optimal policy,1.15212784826945,0.00339777733640334,1.12892130826945,0.00343216717181325,0.02320654,6.01345840311264e-05,0.026933824221289,0.000120093849644973,0.103986319311352,0.00100353718458546,0.084550450237671,0.000310007465413125,50.7126488095238,0.127350949635962,49.1385416666667,0.127350949635962,84.061,0.250243683038955,8.98898809523809,0.224074955226835,0.00714285714285714
Lower volatility: 0.75 sigma,0.75,1,Deadband h=0.030,1.18781870726823,0.00336289392107219,1.11940152726823,0.00344881419468875,0.0684171799999999,0.000134292613921069,0.0212672879110358,0.000126829207416952,0.0897745359754657,0.000994457926748122,0.0590964794017846,0.000146547055755746,53.0382440476191,0.104456637519641,46.8129464285714,0.104456637519641,253.389,0.49198142721522,8.15074404761905,0.198606629750269,0.00714285714285714
Baseline diffusion,1,1,Baseline optimal policy,1.16010782796827,0.00454965214272527,1.13618416796827,0.00460291121887329,0.02392366,8.24948798993587e-05,0.0300520837254923,0.000207042691667128,0.123663370767218,0.00169551825086144,0.0867012153112282,0.000440020368296809,51.8623511904762,0.160409609568794,47.9888392857143,0.160409609568794,86.277,0.33854524643522,11.8671130952381,0.308561653302098,0.0415178571428571
Baseline diffusion,1,1,Deadband h=0.030,1.1965285622478,0.00449345616831474,1.1264111622478,0.0046229585076282,0.0701173999999998,0.000186716821983481,0.024234818415689,0.000218854870478237,0.10876596301624,0.00169793036666783,0.0608777658935831,0.000307555494036183,53.9605654761905,0.136910685709722,45.890625,0.136910685709722,258.263,0.679495065872111,10.6550595238095,0.278192886058769,0.0415178571428571
Higher volatility: 1.25 sigma,1.25,1,Baseline optimal policy,1.1677386438494,0.00560584126199096,1.1429594838494,0.00567009503207886,0.02477916,0.000101742406161893,0.0339329089286382,0.000297069845647949,0.146602049686237,0.00240446604170278,0.0909283128142304,0.000734356496693352,52.7052083333333,0.190838661844422,47.1459821428571,0.190838661844422,88.994,0.412788515293677,14.9778273809524,0.36688697001991,0.127678571428571
Higher volatility: 1.25 sigma,1.25,1,Deadband h=0.030,1.20554901940504,0.0055361746556149,1.13301233940504,0.00569605401074023,0.0725366799999998,0.000241798359432447,0.0280119896165198,0.000314380680372754,0.131418675843822,0.00242374199364791,0.0646652514718159,0.000658855338468751,54.788244047619,0.174019054981988,45.0629464285714,0.174019054981988,264.925,0.871696753596244,13.540625,0.340293585824946,0.127678571428571
Slower mean reversion: 0.75 kappa,1,0.75,Baseline optimal policy,1.1279914748239,0.00527289392732621,1.1068709948239,0.00531692819134755,0.02112048,8.4182411750009e-05,0.0282439866692024,0.000215979921164541,0.109536447549789,0.00174548221718445,0.0881714591346273,0.00059246152854324,50.9647321428571,0.179194954606217,48.8864583333333,0.179194954606217,76.755,0.340929916857128,9.20089285714286,0.352387007667364,0.021875
Slower mean reversion: 0.75 kappa,1,0.75,Deadband h=0.030,1.15437780284781,0.00524143367717963,1.09478770284781,0.00533864521678999,0.0595900999999999,0.00018072769596852,0.0210515509691465,0.000231108978114428,0.0892264642662605,0.00175528143455452,0.0581343925177652,0.000485396926095577,52.8302083333333,0.15392002180084,47.0209821428572,0.15392002180084,218.698,0.653490509377027,7.92232142857143,0.317028207493892,0.021875
Faster mean reversion: 1.25 kappa,1,1.25,Baseline optimal policy,1.18643168031062,0.00398039266162682,1.16007498031062,0.00403816819058064,0.0263567,8.18797374287523e-05,0.0337095898947019,0.000218851230754517,0.150049698563786,0.00175887216097551,0.0859174306991269,0.000372802388417778,53.1235119047619,0.136551525561051,46.7276785714286,0.136551525561051,94.21,0.337671322326789,15.4303571428571,0.258679876929526,0.102232142857143
Faster mean reversion: 1.25 kappa,1,1.25,Deadband h=0.030,1.23085357389778,0.00390284839828754,1.15237679389778,0.00405561297122725,0.0784767799999997,0.000195909287376784,0.0291273360775331,0.000228910521211145,0.140121445620362,0.00177688263409065,0.0637699069223694,0.000264800768838904,55.3790178571429,0.124762237498182,44.4721726190476,0.124762237498182,289.64,0.716994058887855,14.2708333333333,0.23491194182458,0.102232142857143
