Mesh,P,Y,RegimeIndex,Value
Coarse,0.35,0.45,1,1.12005689894761
Coarse,0.35,0.45,2,1.11983689894761
Coarse,0.35,0.45,3,1.11935689894761
Coarse,0.5,0.5,1,1.15155371057556
Coarse,0.5,0.5,2,1.15120481775854
Coarse,0.5,0.5,3,1.15124481775854
Coarse,0.75,0.65,1,1.24860132265714
Coarse,0.75,0.65,2,1.24876132265714
Coarse,0.75,0.65,3,1.24876132265714
Baseline,0.35,0.45,1,1.11924156366973
Baseline,0.35,0.45,2,1.11902156366973
Baseline,0.35,0.45,3,1.11854156366973
Baseline,0.5,0.5,1,1.15063518100141
Baseline,0.5,0.5,2,1.15041389011431
Baseline,0.5,0.5,3,1.15045389011431
Baseline,0.75,0.65,1,1.24787056439218
Baseline,0.75,0.65,2,1.24803056439218
Baseline,0.75,0.65,3,1.24803056439218
Fine,0.35,0.45,1,1.11872033803348
Fine,0.35,0.45,2,1.11850033803348
Fine,0.35,0.45,3,1.11802033803348
Fine,0.5,0.5,1,1.15012709909493
Fine,0.5,0.5,2,1.14994829680963
Fine,0.5,0.5,3,1.14998829680963
Fine,0.75,0.65,1,1.24741429010334
Fine,0.75,0.65,2,1.24757429010334
Fine,0.75,0.65,3,1.24757429010334
